Date,Campaign,Ad_Set,Ad_Name,Status,Amount_Spent,Delivery,Budget,Impressions,CPM,CTR,CPC,Landing_Page_Views,Adds_To_Cart,Checkouts_Initiated,Purchases,Purchases_Conversion_Value,Cost_Per_Purchase,Purchase_ROAS,Results,Results_Type
2026-03-14,Engagement Campaign,Engagement Ad Set,Engagement Ad 1,On,1.71,Active,Using campaign budget,46,37.17,,,,,,,0.00,,,2,Follows
2026-03-14,Engagement Campaign,Engagement Ad Set,Engagement Ad 2,On,2.89,Active,Using campaign budget,136,21.25,1.47,1.45,,,,,0.00,,,5,Follows
2026-03-15,Engagement Campaign,Engagement Ad Set,Engagement Ad 1,On,0.76,Active,Using campaign budget,41,18.54,,,,,,,0.00,,,4,Follows
2026-03-15,Engagement Campaign,Engagement Ad Set,Engagement Ad 2,On,1.47,Active,Using campaign budget,72,20.42,1.39,1.47,,,,,0.00,,,3,Follows
2026-03-16,Engagement Campaign,Engagement Ad Set,Engagement Ad 1,On,2.03,Active,Using campaign budget,91,22.31,3.30,0.68,,,,,0.00,,,4,Follows or likes
2026-03-16,Engagement Campaign,Engagement Ad Set,Engagement Ad 2,On,3.17,Active,Using campaign budget,115,27.57,3.48,0.79,,,,,0.00,,,10,Follows or likes
2026-03-17,Engagement Campaign,Engagement Ad Set,Engagement Ad 1,On,2.09,Active,Using campaign budget,94,22.23,3.19,0.70,,,,,0.00,,,4,Follows or likes
2026-03-17,Engagement Campaign,Engagement Ad Set,Engagement Ad 2,On,3.43,Active,Using campaign budget,120,28.58,4.17,0.69,,,,,0.00,,,11,Follows or likes
2026-03-18,Engagement Campaign,Engagement Ad Set,Engagement Ad 1,On,0.56,Active,Using campaign budget,23,24.35,,,,,,,0.00,,,2,Follows or likes
2026-03-18,Engagement Campaign,Engagement Ad Set,Engagement Ad 2,On,4.46,Active,Using campaign budget,232,19.22,1.29,1.49,3,,,,0.00,,,15,Follows or likes
2026-03-23,Avatar Discovery CBO,Batch_1,B1C1_Native_DoctorVisit_A1-SpecificCause,On,30.37,Active,,494,61.48,2.02,3.04,10,,,,0.00,,,
2026-03-23,Avatar Discovery CBO,Batch_2,B2C1_Native_NotAboutWrinkles_A1-Cells,On,0.07,Active,,9,7.78,11.11,0.07,1,,,,0.00,,,
2026-03-23,Avatar Discovery CBO,Batch_1,B1C3_Native_Trajectory_A3-DataDriven,On,0.02,Active,,4,5.00,,,,,,,,,
2026-03-23,Avatar Discovery CBO,Batch_2,B2C2_Native_ExhaustedMom_A2-Parenta,On,7.44,Active,,235,31.66,2.55,1.24,5,,,,0.00,,,
2026-03-23,Avatar Discovery CBO,Batch_1,B1C2_Native_187Days_A2-RawTestimonial,On,3.76,Active,,16,235.00,25.00,0.94,2,,,,0.00,,,
2026-03-23,Avatar Discovery CBO,Batch_2,B2C3_Native_2AMResearch_A3-RawDisco,On,5.64,Active,,316,17.85,5.38,0.33,10,,,,0.00,,,
2026-03-24,Avatar Discovery CBO,Batch_1,B1C1_Native_DoctorVisit_A1-SpecificCause,On,5.49,Active,,54,101.67,,,,,,,,,,
2026-03-24,Avatar Discovery CBO,Batch_2,B2C1_Native_NotAboutWrinkles_A1-Cells,On,1.49,Active,,17,87.65,5.88,1.49,,,,,0.00,,,
2026-03-24,Avatar Discovery CBO,Batch_1,B1C3_Native_Trajectory_A3-DataDriven,On,0.53,Active,,1,530.00,,,,,,,,,,
2026-03-24,Avatar Discovery CBO,Batch_2,B2C2_Native_ExhaustedMom_A2-Parenta,On,25.97,Active,,945,27.48,2.65,1.04,17,,,,0.00,,,
2026-03-24,Avatar Discovery CBO,Batch_1,B1C2_Native_187Days_A2-RawTestimonial,On,18.09,Active,,20,904.50,5.00,18.09,1,,,,,,
2026-03-24,Avatar Discovery CBO,Batch_2,B2C3_Native_2AMResearch_A3-RawDisco,On,0.74,Active,,42,17.62,,,,,,,,,,
2026-03-25,Avatar Discovery CBO,Batch_1,B1C1_Native_DoctorVisit_A1-SpecificCause,On,3.12,Active,,69,45.22,5.80,0.78,4,,,,0.00,,,
2026-03-25,Avatar Discovery CBO,Batch_2,B2C1_Native_NotAboutWrinkles_A1-Cells,On,0.14,Active,,10,14.00,,,,,,,0.00,,,
2026-03-25,Avatar Discovery CBO,Batch_1,B1C3_Native_Trajectory_A3-DataDriven,On,0.06,Active,,7,8.57,,,,,,,,,
2026-03-25,Avatar Discovery CBO,Batch_2,B2C2_Native_ExhaustedMom_A2-Parenta,On,20.49,Active,,471,43.50,2.55,1.71,8,,,,0.00,,,
2026-03-25,Avatar Discovery CBO,Batch_1,B1C2_Native_187Days_A2-RawTestimonial,On,34.44,Active,,64,538.13,12.50,4.31,7,,,,0.00,,,
2026-03-25,Avatar Discovery CBO,Batch_2,B2C3_Native_2AMResearch_A3-RawDisco,On,3.35,Active,,92,36.41,1.09,3.35,1,,,,0.00,,,
2026-03-26,Avatar Discovery CBO,Batch_1,B1C1_Native_DoctorVisit_A1-SpecificCause,On,9.48,Active,,118,80.34,3.39,2.37,2,,,,0.00,,,
2026-03-26,Avatar Discovery CBO,Batch_2,B2C1_Native_NotAboutWrinkles_A1-Cells,On,18.08,Active,,18,1004.44,16.67,6.03,3,,,,0.00,,,
2026-03-26,Avatar Discovery CBO,Batch_1,B1C3_Native_Trajectory_A3-DataDriven,On,0.32,Active,,3,106.67,,,,,,,,,,
2026-03-26,Avatar Discovery CBO,Batch_2,B2C2_Native_ExhaustedMom_A2-Parenta,On,20.20,Active,,971,20.80,1.85,1.12,13,1,1,,0.00,,,
2026-03-26,Avatar Discovery CBO,Batch_2,B2C3_Native_2AMResearch_A3-RawDisco,On,5.60,Active,,177,31.64,1.13,2.80,2,,,,0.00,,,
2026-03-27,Avatar Discovery CBO,Batch_1,B1C1_Native_DoctorVisit_A1-SpecificCause,On,15.16,Active,,100,151.60,3.00,5.05,3,,,,0.00,,,
2026-03-27,Avatar Discovery CBO,Batch_1,B1C3_Native_Trajectory_A3-DataDriven,On,0.24,Active,,1,240.00,,,,,,,,,,
2026-03-27,Avatar Discovery CBO,Batch_2,B2C2_Native_ExhaustedMom_A2-Parenta,On,11.82,Active,,525,22.51,1.52,1.48,6,,,,0.00,,,
2026-03-27,Avatar Discovery CBO,Batch_2,B2C3_Native_2AMResearch_A3-RawDisco,On,0.07,Active,,2,35.00,,,,,,,,,,
2026-03-27,Avatar Discovery CBO,Batch_2,Advertorial_B2C2_ExhaustedMom,On,14.28,Active,,209,68.33,4.31,1.59,8,,,,0.00,,,
2026-03-27,Avatar Discovery CBO,Batch_2,Advertorial_B2C1_NotAboutWrinkles,On,2.22,Active,,3,740.00,,,,,,,,,,
2026-03-28,Avatar Discovery CBO,Batch_3,B3C1_Native_MaybeAfterDinner_A1-ParentalGuilt,On,13.68,Active,,169,80.95,1.18,6.84,3,,,,0.00,,,
2026-03-28,Avatar Discovery CBO,Batch_3,B3C2_Native_SchoolConcert_A2-ParentalGuilt,On,0.74,Active,,19,38.95,,,,,,,,,,
2026-03-28,Avatar Discovery CBO,Batch_3,B3C3_Native_PartnerNotices_A3-ExternalValidation,On,7.38,Active,,334,22.10,2.99,0.74,10,,,,0.00,,,
2026-03-28,Avatar Discovery CBO,Batch_2,B2C2_Native_ExhaustedMom_A2-Parenta,On,3.24,Active,,239,13.56,1.26,1.08,2,,,,0.00,,,
2026-03-28,Avatar Discovery CBO,Batch_2,Advertorial_B2C2_ExhaustedMom,On,4.43,Active,,27,164.07,14.81,1.11,4,,,,0.00,,,
2026-03-29,Avatar Discovery CBO,Batch_3,B3C1_Native_MaybeAfterDinner_A1-ParentalGuilt,On,2.33,Active,,114,20.44,0.88,2.33,1,1,,,,0.00,,,
2026-03-29,Avatar Discovery CBO,Batch_3,B3C2_Native_SchoolConcert_A2-ParentalGuilt,On,0.08,Active,,11,7.27,,,,,,,,,,
2026-03-29,Avatar Discovery CBO,Batch_3,B3C3_Native_PartnerNotices_A3-ExternalValidation,On,27.83,Active,,833,33.41,10.56,0.32,88,69,,,,0.00,,,
2026-03-29,Avatar Discovery CBO,Batch_4,B4C1_RelatableHook_3pmWall_A1-Experience,Off,4.63,Off,,35,132.29,,,,,,,,,,
2026-03-29,Avatar Discovery CBO,Batch_4,B4C2_RelatableHook_3CoffeesByTwo_A2-Behavior,Off,8.66,Off,,54,160.37,,,,,,,,,,
2026-03-29,Avatar Discovery CBO,Batch_4,B4C3_RelatableHook_NothingChanged_A3-Reframe,Off,10.87,Off,,62,175.32,,,,,,,,,,
2026-03-29,Avatar Discovery CBO,Batch_2,Advertorial_B2C2_ExhaustedMom,Off,0.12,Off,,14,8.57,,,,1,,,,0.00,,,
2026-03-29,Avatar Discovery CBO,Batch_2,B2C2_Native_ExhaustedMom_A2-Parenta,Off,0.51,Off,,73,6.99,,,,1,,,,0.00,,,
2026-03-27,Avatar Discovery CBO,Batch_2,B2C1_Native_NotAboutWrinkles_A1-Cells,Off,6.75,Off,,2,3375.00,,,,,,,,,,
2026-03-26,Avatar Discovery CBO,Batch_1,B1C2_Native_187Days_A2-RawTestimonial,Off,0.00,Off,,,,,,2,,,,,,,,
