Product,Pros,Cons,Problem It Solves,Potential Avatars,Potential Angles,Ballpark Sell Price,Market Awareness Level
Silicone Chest/Neck Wrinkle Patches,"Insane margins ($1-3 COGS, $25-39.99 retail); hyper-specific visible problem; acute emotional trigger (notice wrinkles one day and panic); reusable but replacement cycle built in; 2386 upvotes on Reddit success story; perfect for women 30-55 demo; SIMPLE TO SOURCE — just silicone, no formulation needed; ships flat and light","Not traditionally consumable (reusable 15-30x); 'sleeping with a pad on chest' is visually odd for ads; SiO Beauty owns premium end; Amazon knockoffs own budget end; limited to side-sleepers; smaller total addressable market","Chest and neck wrinkles from side-sleeping and aging — women notice lines that don't fade during the day anymore, feel old, avoid V-neck tops","The Shocked 34-Year-Old (first notices chest wrinkles, panics); The Side-Sleeper (knows sleeping position causes it but can't change); The Anti-Botox Woman (wants results without needles or procedures)","'I woke up and saw my grandmother's chest' shock/vanity hook; 'My friend asked if I'd been getting treatments' external validation angle; 'What your dermatologist charges $500 for' cost-comparison angle; before/after morning photos; 'The overnight fix' instant gratification angle",$29.99 - $39.99 (starter pack) / $24.99 (refill),Product Aware — audience knows silicone patches exist (SiO Beauty, Amazon) but most haven't tried them or tried cheap ones that didn't stick. Medium education needed on how/why they work.
Peter Thomas Roth FirmX Eye Tightener (#160),"$85K revenue with 34.8% growth; INSTANT visible result — this is the key differentiator; before/after content is dramatic and immediate (not days/weeks); $32.44 price supports margin; proven viral format (the eye tightening video); high emotional trigger (looking tired/old); premium skincare positioning; checks every box on the NMN postmortem criteria","Peter Thomas Roth is the established brand — competing directly is hard; $32.44 retail may mean high COGS for quality formula; instant effect is temporary (wears off) — could generate negative reviews; eye area = sensitive skin formulation challenges; SOURCING: formulated skincare is harder without supplier relationships — need a reliable white-label partner","Under-eye bags, puffy eyes, crow's feet, droopy eyelids — looking tired, old, or sick even after sleeping well. The first thing people comment on.","The Tired-Looking Mom (sleeps fine but everyone asks 'are you tired?'); The Zoom Face Starer (sees her under-eye bags on video calls all day); The Aging-Eyes Panicker (noticed her eyelids drooping and eyes looking smaller/more tired)","'My coworker asked if I was sick. I wasn't — my eyes just look like this.' emotional trigger hook; 'Watch my under-eye bags disappear in 60 seconds' instant proof content; 'The eye cream that went viral for a reason' social proof; 'I look 10 years younger from the eyes up' specific transformation; before/after video format",$29.99 - $39.99 (eye tightener) / $49.99 (eye kit with serum),Most Aware — audience knows eye creams exist and has tried them. 'Instant tightening' is the mechanism that cuts through. The viral before/after video IS the sales pitch. Very low education needed — product sells itself visually.
Teant Mattress Vacuum Cleaner (#148),"$90K revenue; visible problem with disgusting proof content (what comes out of your mattress); immediate gratification (clean vs dirty); satisfying content format crushes on social; $72 price = good margin on physical product; universal problem (everyone has a mattress); 'gross-out' content is highly shareable; SOURCEABLE — physical electronics from China is standard","One-time purchase = no LTV/repeat revenue; $72 price point but unknown COGS for electronics from China; quality control risk on electronic devices; competing with Dyson and generic Amazon options; mattress cleaning is not a daily habit — frequency of use question; bulky to ship","Dust mites, dead skin, allergens trapped in mattress — causing allergies, skin irritation, and general disgust once you learn what's living in your bed","The Allergy Sufferer (wakes up sneezing, itchy eyes, doesn't realize mattress is the culprit); The Grossed-Out Cleaner (just learned about dust mites and is horrified); The New Parent (wants baby's sleeping environment to be clean and safe)","'I vacuumed my 2-year-old mattress and this came out' gross-out/shock visual content; 'Your mattress has 10 million dust mites. Here's the proof.' fear/disgust hook; 'I thought my allergies were seasonal. It was my mattress.' reframe hook; 'Watch what's living in your bed right now' curiosity/disgust content",$69.99 - $79.99,Product Aware — people know vacuums and mattress cleaning exist but most don't own a dedicated mattress vacuum. The 'gross-out proof' content is the primary driver — once you see what comes out, you want one. Low education needed.
Pet Deshedding / Fur Management Tool,"Immediate visible gratification (fur pile = proof); emotional pet content crushes on Meta; universal daily problem for shedding breed owners; premium pricing possible ($29.99-49.99); satisfying content (oddly satisfying fur removal videos); non-seasonal if positioned right; EASY TO SOURCE — simple physical product from China","One-time purchase limits LTV; Furminator is entrenched market leader; supplier may not carry pet tools; competitive pet product market; no consumable angle without multiple SKUs; harder to build brand around single tool","Excessive dog/cat shedding — fur on clothes, furniture, floors; daily vacuuming; embarrassment when guests visit; constant lint rolling","The Fur-Covered Professional (works from home with shedding dog, always has fur on clothes for video calls); The Exhausted Double-Coat Parent (husky/golden/shepherd owner drowning in seasonal blowout); The Gentle Pet Parent (worried Furminator hurts their dog, wants a kinder option)","'I vacuum 3x a day and my couch still looks like this' relatable frustration; 'Watch what came off my golden in 10 minutes' satisfying visual proof; 'My groomer charges $80 — I did this at home' cost savings; 'Finally a brush my dog actually enjoys' gentle/kind angle; oddly satisfying fur pile content",$34.99 - $49.99 (premium tool) / $59.99 (bundle with lint roller),Most Aware — everyone knows deshedding brushes exist. They need to believe THIS one is different (gentler, more effective, better designed). Mechanism differentiation is key.
Bikini Pain-Free Hair Removal Cream (#43),"$168K revenue with 112.7% growth — massive uptrend; acute visible problem (razor burn, ingrowns, pain); consumable repeat purchase; $59.99 price = strong margin potential; emotional storytelling is natural (shame, pain, frustration); women's personal care is a proven Meta ad category; native ad format fits perfectly","Intimate area product = Meta ad restrictions on imagery and claims; hair removal creams have chemical burn reputation (Nair legacy); hard to show before/after for bikini area in ads; SOURCING: formulation for intimate skin is a trust concern — needs a quality white-label supplier; seasonal (peaks in summer)","Razor burn, ingrown hairs, pain, and irritation from shaving the bikini area — redness, bumps, itching, self-consciousness at the beach or with a partner","The Razor Burn Sufferer (every time she shaves, she gets red bumps and itching for days); The Beach Avoider (skips pool/beach because of ingrown scarring in bikini area); The Wax Dropout (can't afford $60/month waxing or can't handle the pain)","'I stopped shaving because of the razor burn. Then I found this.' first-person pain-to-relief story; 'I cancelled my $80/month wax appointment' cost savings angle; 'No razor, no wax, no pain — and no bumps the next day' triple-negative benefit hook; 'What I wish I knew before my beach trip' seasonal urgency",$49.99 - $59.99 (single) / $44.99 subscribe & save,Solution Aware — audience knows about shaving, waxing, laser. Creams are a known category but have trust issues (chemical burns). 'Pain-free' and 'bikini-safe' are the mechanism differentiators.
Body Acne / KP Treatment (wash or spray),"Visible problem with B&A proof; consumable = subscription LTV; 70%+ margins ($3-8 COGS); emotional storytelling gold for native ads; same demo as NMN (women 30-50); no education needed; low-commitment entry point possible","Need to navigate Meta health ad claims carefully; body care is competitive (CeraVe, Neutrogena exist); results take days not instant; SOURCING: formulation needed — body washes are more white-label friendly than specialized creams but still requires a supplier","Back/chest/shoulder acne, keratosis pilaris (bumpy arms), rough textured body skin — prevents people from wearing tank tops, swimsuits, sleeveless clothes","The Hidden Skin Woman (30-50F, covers arms/chest/back year-round, avoids pool parties); The Postpartum Body (new mom whose skin changed after pregnancy); The Confident Dresser (25-40F who wants to wear what she wants without worrying about skin)","'I haven't worn a tank top in 3 years' first-person shame-to-confidence story; 'My daughter asked me to go swimming' parental guilt angle; 'The $3 secret dermatologists won't tell you' mechanism/ingredient education; before/after transformation proof; 'I tried everything until...' exhausted-searcher angle",$24.99 - $39.99 (single product) / $49.99 (kit),Solution Aware — audience knows body washes and exfoliants exist but hasn't found one that works specifically for body skin. No education needed on the problem or solution category.
EVIL GOODS Beef Tallow Face Cream (#106),"$111K revenue with 318.1% GROWTH — fastest growing product on the list; carnivore/tallow trend has massive cultural tailwind; premium price ($69.99) = excellent margin potential; consumable repeat purchase; 204 creators proving content-market fit; 'manuka honey + beef tallow' = clear mechanism story; anti-chemical/natural skincare positioning","Beef tallow on face is polarizing (vegan/vegetarian audience is out); SOURCING: quality tallow + manuka honey from China is questionable — the entire brand story is 'natural/ancestral' which conflicts with Chinese manufacturing; $69.99 is high for cold traffic first purchase; carnivore trend could be a fad; niche audience limits TAM; comedogenic concerns","Dry, irritated, sensitive facial skin from chemical-laden skincare products. Wanting to 'go back to basics' with ancestral/natural ingredients. Skin that reacts to everything.","The Chemical-Free Convert (threw out her 10-step routine, wants one natural product); The Carnivore Wife (husband is carnivore, she's exploring ancestral health for skincare); The Sensitive Skin Sufferer (everything breaks her out or irritates — wants simple, natural, minimal ingredients); The Primal Queen Follower (follows carnivore/ancestral influencers, already bought into the philosophy)","'I threw out my $200 skincare routine and replaced it with beef tallow' simplification/anti-establishment hook; 'My grandmother used this on her skin. She was right.' ancestral wisdom angle; 'Every ingredient in my moisturizer comes from a farm, not a lab' natural/clean positioning; 'My dermatologist hates this — my skin has never looked better' contrarian/authority-defying angle; 'One ingredient. Zero chemicals. Here's what happened.' minimalism hook",$59.99 - $69.99 (full size) / $49.99 subscribe & save,"Solution Aware to Most Aware — the carnivore/tallow audience already knows and wants this product. Cold traffic needs education on why tallow works for skin. Two-tier awareness: warm (carnivore community) is ready to buy; cold requires mechanism education. SOURCING CONFLICT: 'ancestral' positioning vs Chinese manufacturing is a brand integrity problem."
GOPURE Belly Firming Cream (#50),"$156K revenue at $39.99 — solid price point; ties directly into GLP-1/Ozempic mega-trend (post-weight-loss loose skin); visual before/after potential; consumable repeat purchase; emotional storytelling (lost weight but still hiding body); faux-zempic adjacent = massive tailwind","Skin firming creams have a skepticism problem (do they actually work?); before/after photos can look manipulated; Meta may flag body image claims; competing with established brands (StriVectin, Sol de Janeiro); results are slow and subtle, not instant; SOURCING: cream formulation requires white-label partner","Loose, saggy skin on stomach after weight loss (especially post-GLP-1), pregnancy, or aging. Lost the weight but still won't wear a bikini or fitted clothes.","The Ozempic Graduate (lost 40+ lbs on GLP-1 but now has loose belly skin — the 'next problem' after weight loss); The Postpartum Pouch (mom whose belly skin never bounced back); The Almost-There Woman (did the hard work of losing weight but still doesn't feel confident)","'I lost 50 lbs and hated my body more than before' emotional paradox hook; 'What nobody tells you about Ozempic — the loose skin problem' GLP-1 trend-jacking; 'My stomach looked like this after 3 kids. 6 weeks later...' transformation story; 'The cream my plastic surgeon recommended instead of a tummy tuck' authority/cost comparison",$39.99 - $49.99 (single) / $34.99 subscribe & save,Problem Aware to Solution Aware — the GLP-1 wave is creating a massive new audience who just discovered they have loose skin. They know the problem but are just learning solutions exist beyond surgery. Emerging category = low competition.
Mouth Tape (sleep/beauty positioning),"Low COGS ($8.84/30 strips); sleep optimization is #2 wellness trend 2026; nasal breathing has scientific backing; consumable = repeat purchase; small and light to ship; emerging category with no dominant DTC brand yet; EASY TO SOURCE — adhesive strips, no complex formulation","Reddit sentiment is lukewarm-to-negative (choking, panic, claustrophobia reports); product doesn't photograph well; 'weird' factor for ads; low engagement on Reddit mouth tape posts (scores 0-4); needs education for cold traffic; safety concerns limit ad claims","Mouth breathing during sleep causing snoring, dry mouth, poor sleep quality, jaw/face changes, partner disturbance","The Snorer's Partner (kept awake by partner's snoring, desperate for solution); The Beauty Breather (young women interested in jawline/facial development from nasal breathing); The Exhausted Snorer (wakes up with dry mouth, sore throat, knows they snore)","'My husband stopped snoring the first night' partner/relationship angle; 'The jawline hack TikTok won't shut up about' beauty/vanity angle for younger demo; 'I went from waking up 4x to sleeping through the night' transformation story; 'What my sleep doctor told me to try first' authority angle",$19.99 - $29.99 (30-pack) / $24.99 subscribe & save,Problem Aware to Solution Aware — most people know they mouth-breathe or snore but don't know mouth tape is a solution. Requires some education. Beauty/jawline audience is more Solution Aware via TikTok.
Kind Patches Metabolic Trio Bundle (#83),"$128K revenue with 31.4% growth; PATCH delivery = avoids pill/supplement aversion entirely; bundle format = higher AOV ($26.99); metabolic health trend is massive; 1.07K creators = proven content-market fit; berberine is trending ingredient; 'Unpuff' naming is clever/visual","Still a supplement (transdermal delivery has skepticism — do patches actually absorb?); $26.99 price limits margin; metabolic health requires education for cold traffic; berberine is trending but could face regulatory scrutiny; SOURCING: transdermal patches are specialized — harder to source than simple physical products","Slow metabolism, bloating, water retention, weight management frustration — wanting metabolic support without swallowing pills or dealing with supplement fatigue","The Pill-Fatigued Woman (takes 8 supplements a day, wants a simpler format); The Bloated & Puffy (daily water retention and bloating, wants to 'unpuff'); The Metabolism Skeptic (tried pills, didn't feel anything, willing to try a new delivery method)","'I replaced 3 pill bottles with these patches' simplification angle; 'I hated swallowing supplements. So I started wearing them.' format innovation hook; 'The patch my nutritionist put me on instead of pills' authority angle; 'Berberine was too harsh on my stomach — then I found the patch' switching angle; 'Day 1 vs Day 14 — my bloating transformation' visual proof",$29.99 - $34.99 (trio bundle) / $24.99 subscribe & save,Solution Aware — audience knows supplements exist but the PATCH format is the differentiator. Creates curiosity ('wait, a patch?'). Moderate education on why patches > pills. Berberine audience is already educated.
Cleaning Day Bundle (#22),"$218K revenue with 43.2% growth — strong uptrend; bundle format = higher AOV ($41.97); visual before/after cleaning content is satisfying and shareable; consumable = repeat purchase; immediate gratification (clean vs dirty); cleaning content performs well on Meta/TikTok","Need to identify what's actually in the bundle to assess sourcing; cleaning products are heavy (shipping cost from China); competing with established brands (Mrs. Meyer's, Method, Dawn); margin depends entirely on bundle contents and COGS; commoditized category overall; SOURCING: multiple products in a bundle = more complex logistics","Dirty home frustration — wanting one kit that handles everything on cleaning day instead of buying 6 different products. Simplification of the cleaning routine.","The Overwhelmed Cleaner (hates that cleaning requires 10 different products under the sink); The Saturday Reset Mom (weekly deep clean is her ritual, wants it streamlined); The First Apartment Starter (just moved out, needs a cleaning starter kit)","'Everything you need for cleaning day in one box' simplicity/convenience angle; 'I threw out 8 bottles under my sink and replaced them with this' declutter angle; 'My Saturday reset routine — and the only products I use' routine/ritual content; satisfying before/after cleaning transformations",$39.99 - $49.99 (bundle) / $34.99 subscribe & save refill,Solution Aware — everyone knows cleaning products exist. The bundle format is the differentiator — convenience and curation over individual products. Low education needed.
Fascia Ring Mini Muscle Recovery Device (#91),"$122K revenue with 60.4% growth; recovery/wellness trend; visible immediate use; $39.68 price supports margin; small/light to ship; satisfying content (fascial release); SOURCEABLE — physical device from China","One-time purchase = no LTV; 'fascia' requires education for cold traffic; competing with Theragun, foam rollers, massage guns; niche audience; electronic device QC risk from China; limited to fitness/wellness demo","Muscle tightness, fascial adhesions, soreness, limited mobility — feeling stiff and restricted, post-workout recovery","The Desk Worker (tight neck/shoulders from sitting all day); The Weekend Warrior (sore after workouts, needs faster recovery); The Anti-Massage-Gun Woman (finds massage guns too intense, wants gentler option)","'My neck pain was fascia, not muscle — this changed everything' reframe hook; 'The recovery tool my physical therapist uses on herself' authority angle; 'Theragun was too aggressive. This hits different.' competitive switching; satisfying fascial release content",$39.99 - $49.99,Solution Aware — audience knows recovery tools exist. 'Fascia' is the mechanism differentiator but requires education. One-time purchase is the main concern.
DRDENT Purple Teeth Whitening Strips (#13),"Visual before/after proof is gold for ads; consumable repeat purchase; 'purple' color-correcting tech is a clear mechanism/differentiator; $279K revenue proves market demand; teeth whitening is universally understood — zero education needed; small/light to ship; strong native ad potential (selfie/smile content)","Revenue DECLINING -24.5% — trend may be cooling; teeth whitening is hyper-competitive (Crest, Snow, HiSmile all entrenched); Meta may flag dental health claims; purple color-correcting is a gimmick that wears thin once novelty fades; SOURCING: whitening strips with chemical agents need quality/safety verification from China; $22.87 retail limits margin","Yellow/stained teeth — self-consciousness about smiling in photos, on video calls, on dates. Avoiding showing teeth. Coffee/wine/smoking stains.","The Coffee Addict (drinks 3+ cups/day, teeth are visibly yellowing, wants a fix that doesn't require giving up coffee); The Selfie Avoider (won't smile with teeth in photos, covers mouth when laughing); The Pre-Event Prepper (wedding, reunion, date — needs white teeth by a specific date)","'I drink 4 coffees a day and my teeth looked like this — then I tried purple strips' relatable habit + transformation; 'Why purple? The science behind color-correcting your teeth' mechanism education; 'My dentist asked what I've been using' external validation; before/after smile photos; 'Crest strips burned my gums. These didn't.' competitive switching angle",$22.99 - $29.99 (single pack) / $19.99 subscribe & save,Product Aware — everyone knows whitening strips exist. 'Purple' is the mechanism differentiator that creates curiosity. Low education needed on the problem; moderate education on why purple works. DECLINING REVENUE is a red flag.
19-Day Anti-Cellulite Sculpting Cream (#67),"$144K revenue with 20.2% growth; same faux-zempic/body firming tailwind as belly cream; consumable; '19-day' creates a specific timeframe promise (acute trigger); massage cream format adds ritual/experience element; lower price point ($23.92) could work as entry product","Same skepticism as belly firming (cellulite creams historically don't deliver); '19 days' is a specific claim that could backfire if unmet; low price limits margin; cellulite is harder to photograph convincingly for ads; SOURCING: cream formulation required; massage application = friction in routine","Visible cellulite on thighs, buttocks, arms — dimpled skin texture that makes women self-conscious in shorts, swimsuits, fitted clothing","The Summer Countdown Woman (wants to wear shorts/swimsuit by a specific date — '19 days' maps to this); The Gym Goer Who Can't Spot-Reduce (works out but cellulite won't budge); The GLP-1 Body Recomper (losing weight but cellulite is becoming more visible as fat shifts)","'19 days until my beach trip — I tried this every night' countdown/urgency hook; 'I work out 5 days a week and still had cellulite. Until this.' frustration + solution; 'What my trainer told me to use after workouts' authority angle; 'Watch what happened after 19 days' specific timeframe transformation",$24.99 - $29.99 (single) / $44.99 (2-pack),Solution Aware — audience knows cellulite creams exist but is skeptical. '19-day' timeframe is the mechanism differentiator. Works best as part of a body firming brand alongside belly cream.
PDRN Collagen Volume Multi Balm / NAD Stick (#257),"$612K revenue — highest on the entire list; 39.12K units sold; 1.76K creators = massive content ecosystem; Korean beauty trend = cultural cachet; 'PDRN' and 'NAD' are trending mechanisms; small/light to ship; lip balm format is universal and low-commitment entry point","Very low price ($15.68) makes Meta ad economics nearly impossible as standalone; PDRN is a niche K-beauty ingredient — cold US traffic won't know it; trend could be fleeting; low margin per unit; competing with massive K-beauty distribution; SOURCING: K-beauty formulation is specialized; mechanism education needed for US audience","Dry, thin, aging lips + desire for plump, hydrated, youthful-looking lips without filler. Lip care as anti-aging skincare.","The Filler-Curious Woman (wants plump lips but not ready for needles); The K-Beauty Adopter (follows Korean skincare trends, trusts K-beauty innovation); The Lip Care Obsessive (owns 15 lip balms, always trying the next one)","'The Korean lip balm that's replacing filler' aspirational/trend hook; 'PDRN — the ingredient Korean women have been using for years' cultural authority; 'My lips look like I got filler. I didn't.' before/after hook; 'The $15 stick that outsold every lip product in Korea' social proof/volume",$19.99 - $24.99 (premium positioning above K-beauty price) / $15.99 subscribe & save,Unaware to Problem Aware — US cold traffic doesn't know PDRN or why it matters. K-beauty audience is Solution Aware. Requires significant education for broad Meta audience. Could work as a loss leader or bundle anchor.
Keratosis Pilaris (KP) Body Scrub/Treatment,"Extremely specific visible problem (bumpy chicken skin arms/thighs); affects ~40% of population; strong emotional component (self-consciousness); consumable repeat purchase; underserved by major brands; B&A content is dramatic","Overlaps with body acne treatment (may not need separate product); KP is a term cold traffic may not know; results take 1-2 weeks of consistent use not instant; seasonal (worse in winter, less urgent in summer); SOURCING: formulation complexity for exfoliating scrub","Keratosis pilaris — rough bumpy skin on upper arms, thighs, sometimes buttocks. Looks like permanent goosebumps or chicken skin. Affects confidence in sleeveless clothing.","The Bumpy Arms Woman (has had KP since teens, given up on fixing it); The Google Diagnoser (just learned the name for what she's always had); The Wedding/Event Prepper (needs smooth arms for a specific date — acute trigger)","'I've had chicken skin my entire life. Last month I finally found something.' lifelong struggle angle; 'Run your hand across your upper arm — if it feels like sandpaper, read this' physical identification hook; 'What my dermatologist called it + what actually fixed it' education angle",$24.99 - $34.99 (body scrub) / $44.99 (scrub + lotion kit),Unaware to Problem Aware — many people have KP but don't know it has a name or that treatments exist. Requires education but the visual proof is compelling. Could be a sub-brand under body skin treatment.
Nature's Sunshine Lymphatic Drainage Supplement (#95),"$117K revenue with 102.7% growth — massive trend signal; lymphatic drainage is EXPLODING on TikTok/wellness; consumable repeat purchase; ties into detox/depuff/anti-bloat mega-trend; $37.96 price supports margin","It's a SUPPLEMENT — same trust/education issues that killed NMN; 'lymphatic drainage' requires education for cold traffic; Nature's Sunshine is an MLM brand (association risk); regulatory risk on drainage/detox claims; results are invisible and slow; SOURCING: supplement formulation is harder to source without connections","Sluggish lymphatic system — puffiness, bloating, swelling, feeling 'toxic', water retention, post-surgery swelling, desire to detox","The Puffy Face Woman (wakes up with facial puffiness, wants to depuff without gua sha every morning); The Post-Surgery Recoverer (had lipo/BBL/tummy tuck, told to support lymphatic drainage); The Detox Seeker (feels sluggish/toxic, wants to flush out their system)","'I was puffy every single morning until I started supporting my lymphatic system' problem-to-solution; 'What my lymphatic massage therapist told me to take between appointments' authority angle; 'The reason you're bloated isn't food — it's your lymphatic system' reframe hook; 'Depuff from the inside out' simple benefit statement","$34.99 - $39.99 (supplement) / $29.99 subscribe & save. BUT: non-supplement format (dry brush, gua sha, patches) could command $29.99-$49.99",Problem Aware — audience feels puffy/bloated and is just learning that 'lymphatic drainage' is the reason/solution via TikTok. Rapidly growing awareness. Supplement format has trust issues — non-supplement lymphatic product could own this wave.
Feminine Balance Gummies V10 (#134),"$97K revenue with 28.2% growth; women's intimate health is massively underserved; consumable repeat purchase; 323 creators = strong content ecosystem; gummy format avoids pill aversion; taboo topic = low competition from big brands; emotional storytelling potential is high","Intimate health = heavy Meta ad restrictions; can't show or say much explicitly; $29.99 price is moderate; supplement trust issues apply; 'V10' naming is vague; sensitive topic may limit native ad creative options; hard to do before/after content; SOURCING: gummy supplement formulation is difficult without connections","Vaginal pH imbalance, recurring infections (BV, yeast), odor, discomfort — women suffer silently because it's taboo to discuss. Cycle of antibiotics and temporary fixes.","The Silent Sufferer (has recurring BV/yeast but is too embarrassed to talk about it); The Antibiotic Cycler (keeps getting prescribed antibiotics that fix it temporarily then it comes back); The New Partner Anxiety (worried about odor/comfort with a new sexual partner)","'I've been to the gynecologist 6 times this year for the same thing' recurring frustration hook; 'The gummy my OBGYN told me to try instead of another round of antibiotics' authority angle; 'Nobody talks about this but 3 in 4 women deal with it' normalization/community hook; 'I finally stopped the cycle' relief/transformation angle",$29.99 - $34.99 (30-day) / $24.99 subscribe & save,Problem Aware — women know they have the problem but most don't know a probiotic gummy can help prevent recurrence. Requires education on the gut-vaginal microbiome connection. Taboo nature means less competition but harder ad creative.
LullaBites Natural Sleep Gummies - Melatonin Free (#46),"$165K revenue at $20.34 — high volume (8.18K sold); sleep is #2 wellness trend 2026; 'melatonin free' is a clear differentiator/mechanism; consumable with strong repeat purchase; gummy format > pills (no pill aversion); small/light to ship; broad audience","Low price point ($20.34) limits margin — need very low COGS to make Meta ads work; SUPPLEMENT = same trust/education issues as NMN; 'melatonin free' requires explaining what IS in it (education burden); sleep supplements are crowded (Olly, Nature Made, etc.); results aren't instant or visible; SOURCING: gummy formulation is hard without supplier relationships","Poor sleep quality — difficulty falling asleep, staying asleep, waking up groggy. Want a natural solution but melatonin makes them feel hungover or dependent.","The Melatonin Quitter (tried melatonin, hated the grogginess/dependency, wants an alternative); The 3am Waker (falls asleep fine but wakes at 3am and can't get back to sleep); The Anxious Sleeper (racing thoughts at bedtime, needs to calm the mind not just knock out)","'I quit melatonin and started sleeping better' counter-intuitive hook; 'Why melatonin is making your sleep worse' problem-agitation angle; 'The sleep gummy my naturopath actually recommends' authority angle; 'I stopped waking up at 3am when I switched to this' specific symptom hook",$24.99 - $29.99 (30-day) / $19.99 subscribe & save,Solution Aware — audience knows sleep supplements exist and many have tried melatonin. 'Melatonin free' creates curiosity about the alternative mechanism. Moderate education needed. SAME NMN ANTI-PATTERNS: supplement, invisible benefit, delayed result.
Prostate Health & Nitric Oxide Chews (#57),"$152K revenue with 112.3% growth — massive growth; $75.88 price = excellent margin potential; men's health is underserved on Meta; chew format avoids pill aversion; high price = high LTV per customer; consumable","SUPPLEMENT with same trust/education issues as NMN; prostate + nitric oxide is a weird combo (confusing positioning); men 50+ are harder to reach on Meta than women; health claims will be restricted; 'nitric oxide' requires education for cold traffic; SOURCING: chew supplement formulation is difficult","Prostate issues (frequent urination, weak stream, nighttime bathroom trips) + erectile dysfunction/low libido. Men suffering silently.","The Midnight Bathroom Man (up 3-4x per night to urinate); The Silently Declining Husband (ED/libido issues he won't talk to doctor about); The Proactive 50+ Man (wants to prevent prostate issues before they start)","'I stopped waking up 4 times a night to pee' specific symptom relief; 'My wife noticed the difference before I did' intimacy/partner angle; 'The chew my urologist recommended' authority angle; 'Two problems, one solution' dual-benefit hook",$69.99 - $79.99 / $59.99 subscribe & save,Problem Aware — men know they have prostate/performance issues but most treat them separately. Dual positioning is either genius or confusing. High education needed. SUPPLEMENT + INVISIBLE BENEFIT = NMN anti-patterns.
O Positiv pH Balanced Probiotic Wash (#156),"$88K revenue with 10.7% growth; women's intimate care is underserved; consumable repeat purchase; $30.35 price supports margin; acute problem (odor, irritation, pH imbalance); wash format is simpler than supplements; established brand (O Positiv) validates the category","Intimate care = same Meta ad restriction issues as feminine gummies; SLOW growth (10.7%); competing with established brands (Summer's Eve, Honey Pot, Lume); probiotic wash mechanism needs some education; hard to differentiate in ads without explicit content; SOURCING: probiotic-infused wash formulation is specialized","Vaginal odor, irritation, pH imbalance from regular body wash/soap disrupting natural flora. Discomfort, self-consciousness, recurring issues.","The Body Wash Swapper (just learned regular soap is disrupting her pH); The Recurring Issue Woman (keeps getting infections and doesn't connect it to her wash); The Clean-Conscious Woman (wants intentional products for every area of her body)","'Your body wash is ruining your pH — here's what to use instead' problem-cause-solution hook; 'The wash my gynecologist actually recommends' authority angle; 'I switched one product and stopped getting recurring infections' transformation story; 'Not all soap is the same — especially down there' educational hook",$29.99 - $34.99 / $24.99 subscribe & save,Problem Aware to Solution Aware — many women don't know regular soap disrupts vaginal pH. Moderate education needed. Slow growth + intimate ad restrictions + specialized formulation sourcing = too many friction points.
The Bedroom Bundle (#169),"$82K revenue with 72.6% growth — strong uptrend; bundle format = higher AOV ($36.36); sleep category is #2 wellness trend; strong growth signal; bundle allows multiple products = more perceived value","Vague naming — 'Bedroom Bundle' could be sleep or intimacy (unclear positioning); need to identify actual contents; sleep supplements have same issues as NMN (delayed/invisible results); crowded category; low revenue base ($82K); SOURCING: unknown bundle contents = can't assess sourcing","Poor sleep quality — wanting a complete sleep solution rather than one product. Desire for a routine/ritual around bedtime.","The Routine Builder (wants a full sleep ritual, not just a single pill); The Everything-At-Once Buyer (prefers bundles that solve the whole problem); The Gift Buyer (sleep bundle as a self-care gift)","'My entire bedtime routine — in one box' simplification; 'I stopped buying sleep products one at a time' convenience angle; 'The bundle that fixed my 3am wake-ups' specific symptom solution",$34.99 - $44.99 (bundle) / $29.99 subscribe & save,Solution Aware — audience knows sleep products exist. Bundle format is the differentiator. Too vague to assess properly without knowing contents. Likely supplement-based = NMN anti-patterns.
Shower Hard Water / Stain Remover,"Visible before/after transformation (dirty → clean); immediate gratification; recurring need (hard water never stops); huge Reddit frustration signal; satisfying cleaning content format","Dawn Powerwash dominates mindshare; competing against $5-8 retail products; hard to justify premium pricing; cleaning products are low-margin commodity; heavy if liquid (shipping costs from China); SOURCING: liquid cleaning products are heavy and complex to ship internationally","Hard water stains, soap scum, mineral buildup on shower glass/tile/fixtures — looks dirty even after cleaning, embarrassing bathroom","The Frustrated Renter (can't get shower deposit-clean); The Hard Water Sufferer (well water or old pipes, constant mineral buildup); The Cleaning Perfectionist (standards are high but nothing works on glass doors)","'My realtor told me to replace the shower door. I used this instead' cost savings/transformation; 'I've been scrubbing for 20 minutes — watch what 60 seconds of this does' instant proof; before/after shower glass transformation content",$19.99 - $29.99 (premium positioning) / $14.99 (competitive),Most Aware — everyone knows cleaning sprays exist. Commodity market + low margin + heavy shipping = not viable.
Pet Odor Enzyme Cleaner,"Desperate repeat buyers; acute emotional trigger (guests coming over + house smells); consumable with high repurchase; strong emotional storytelling (shame/embarrassment); every pet owner eventually needs this","Low retail price point ($10-15) makes Meta ad economics very hard; dominated by Nature's Miracle and Rocco & Roxie; commoditized category; hard to differentiate; low margins at competitive pricing; SOURCING: liquid chemical formulation + heavy to ship","Pet urine, vomit, and odor on carpets, furniture, and floors — lingering smell despite cleaning, embarrassment when hosting guests, rental deposit concerns","The Embarrassed Host (dreads having people over because of pet smell); The Puppy Trainer (new dog owner dealing with constant accidents); The Senior Dog Parent (older dog with incontinence, emotional guilt about being frustrated)","'My mother-in-law is coming Friday and my carpet smells like a kennel' urgency/shame hook; 'I tried 6 enzyme cleaners — only one actually worked' exhausted-searcher; 'My landlord almost kept my deposit until I found this' financial stakes angle",$14.99 - $19.99 (bottle) / $34.99 (concentrate kit),Most Aware — commodity category. Low price + heavy shipping + dominated by established brands = not viable for Meta DTC.
Silicone Scalp Massager / Shampoo Brush,"Very low COGS ($1-3); oddly satisfying content potential; beauty/self-care trend alignment; easy impulse buy; small and light to ship; works for all hair types; easy to source","Very low retail ceiling ($9.99-14.99) makes Meta ads uneconomical as standalone; highly commoditized on Amazon; one-time purchase; minimal brand loyalty; too cheap to build a business around alone","Itchy/flaky scalp, product buildup, poor shampoo distribution, tension headaches, desire for salon-like experience at home","The Dry Scalp Sufferer (visible flakes, embarrassment); The Self-Care Ritualist (wants spa experience at home); The Curly Hair Woman (needs better product distribution)","'My hairdresser asked what I've been doing differently' external validation; 'The $8 tool that replaced my $200 scalp treatment' cost comparison; ASMR/satisfying content angle",$9.99 - $14.99 (standalone) / $29.99 (bundled in hair care kit),Product Aware — too cheap for Meta ads. Only viable as bundle add-on. Not a standalone business.
Remineralizing Gum Oral Care (#76),"$134K revenue; unique product format (gum as oral care delivery); no pill aversion; habitual format (people already chew gum); oral care is universal","Revenue DECLINING — trend cooling; gum is a mature commodity format; 'remineralizing' requires education; low price ceiling for gum; competing with mainstream gum brands; hard to differentiate; SOURCING: gum manufacturing is specialized","Weak enamel, tooth sensitivity, early decay — wanting to protect/rebuild teeth naturally through daily habits rather than dental procedures","The Cavity-Prone Chewer (gets cavities despite brushing, wants extra protection); The Natural Health Optimizer (wants oral care beyond just brushing); The Dental-Phobic (avoids dentist, wants to maintain teeth at home)","'I chew gum anyway — now my gum is actually fixing my teeth' habit-stacking hook; 'My dentist was surprised at my last checkup' external validation; 'The gum that remineralizes your enamel while you chew' mechanism education",$14.99 - $19.99 (30-day),Solution Aware — declining revenue + specialized sourcing + low price ceiling = not viable.
Dr.Flash Garment Steamer (#45),"$168K revenue with 17.3% growth; visible problem-solving (wrinkled → crisp clothes); immediate gratification; satisfying content format","One-time purchase = no LTV; electronics from China = QC risk; low margin potential at $28.80; commodity product (Conair, Rowenta dominate); garment steamers are mature/boring category; heavy/bulky to ship","Wrinkled clothes — looking unprofessional or messy, hate ironing, need quick fix before leaving the house","The No-Iron Professional (needs to look polished but hates ironing); The Traveler (wrinkled clothes from suitcase); The Lazy Launderer (clothes sit in dryer too long, always wrinkled)","'I haven't ironed in 6 months' convenience hook; '60 seconds before I walk out the door' speed/urgency; 'The $28 tool my dry cleaner doesn't want you to know about' cost comparison",$28.99 - $34.99,Most Aware — commodity product. One-time purchase + low margin + bulky shipping + boring category = not viable.
Cabervibe Lumbar Support (#94),"$118K revenue; back pain is a massive universal problem; high price ($143.98) = excellent margin; back pain creates desperate buyers","Only 794 units sold — very low volume; $143.98 is very high for cold Meta traffic; one-time purchase; lumbar supports are commoditized on Amazon; hard to differentiate; bulky to ship; back pain solutions are crowded","Lower back pain from sitting — office workers, drivers, anyone who sits for long periods. Chronic discomfort that affects quality of life.","The WFH Back Sufferer (home office chair is destroying their back); The Long Commuter (drives 1+ hours daily with back pain); The Standing Desk Resister (knows they should stand but can't/won't)","'I spent $1,200 on an ergonomic chair. This $140 support fixed what the chair couldn't.' cost comparison; 'My chiropractor told me to try this before my next adjustment' authority; '8 hours at my desk without back pain for the first time' transformation",$129.99 - $149.99,Most Aware — high ticket + low volume + one-time purchase + bulky + commodity = worst fit for your model.
