date,ad,batch,spend,impressions,frequency,cpm,ctr_link,link_clicks,cpc,lpv,atc_real,checkouts,purchases,revenue,notes
2026-10-03,B1C1,1,4.31,103,1.13,41.84,3.88%,4,1.08,,0,0,0,0,
2026-10-03,B1C2,1,13.37,138,1.10,96.88,2.17%,3,4.46,2,0,0,0,0,
2026-10-03,B1C3,1,2.14,33,1.03,64.85,,0,,,0,0,0,0,
2026-10-03,B2C1,2,8.60,161,1.12,53.42,1.86%,3,2.87,2,0,0,0,0,
2026-10-03,B2C1b,2,2.24,55,1.10,40.73,1.82%,1,2.24,2,0,0,0,0,
2026-10-03,B2C3,2,3.81,73,1.11,52.19,2.74%,2,1.91,2,0,0,0,0,
2026-10-04,B1C1,1,0.95,16,1.23,59.38,,0,,,0,0,0,0,partial day (to 8:18pm)
2026-10-04,B1C2,1,19.24,173,1.13,111.21,3.47%,6,3.21,6,0,0,0,0,partial day (to 8:18pm)
2026-10-04,B1C3,1,0.55,9,1.13,61.11,,0,,,0,0,0,0,partial day (to 8:18pm)
2026-10-04,B2C1,2,6.57,131,1.12,50.15,0.76%,1,6.57,2,0,0,0,0,partial day (to 8:18pm)
2026-10-04,B2C1b,2,4.33,55,1.12,78.73,5.45%,3,1.44,6,0,0,0,0,partial day (to 8:18pm)
2026-10-04,B2C3,2,10.31,138,1.15,74.71,5.80%,8,1.29,8,0,0,0,0,partial day (to 8:18pm)
